<?xml version="1.0" encoding="UTF-8"?>
<rss version="2.0" xmlns:dc="http://purl.org/dc/elements/1.1/" xmlns:atom="http://www.w3.org/2005/Atom" xmlns:slash="http://purl.org/rss/1.0/modules/slash/" xmlns:content="http://purl.org/rss/1.0/modules/content/">
  <channel>
    <title>Bofa Valve Company</title>
    <description>Trustable industrial valve manufacturer &amp; supplier in China Bofa Valve Company devoted to supply superior-quality gate globe check ball valves and more.</description>
    <pubDate>Mon, 13 Nov 2023 03:29:52 +0000</pubDate>
    <generator>Zend_Feed_Writer 2 (http://framework.zend.com)</generator>
    <link>http://bofavalve.local/</link>
    <author>sales@bofavalve.com (Bofa Valve Company)</author>
    <dc:creator>Bofa Valve Company</dc:creator>
    <atom:link rel="self" type="application/rss+xml" href="http://bofavalve.local/rss.xml"/>
    <item>
      <title>valves</title>
      <pubDate>Fri, 15 Sep 2023 07:48:20 +0000</pubDate>
      <link>http://bofavalve.local/tags/valves.html</link>
      <guid>http://bofavalve.local/tags/valves.html</guid>
      <slash:comments>0</slash:comments>
    </item>
    <item>
      <title>steel</title>
      <pubDate>Fri, 15 Sep 2023 07:47:36 +0000</pubDate>
      <link>http://bofavalve.local/tags/steel.html</link>
      <guid>http://bofavalve.local/tags/steel.html</guid>
      <slash:comments>0</slash:comments>
    </item>
    <item>
      <title>pipe strainers</title>
      <pubDate>Fri, 15 Sep 2023 07:46:39 +0000</pubDate>
      <link>http://bofavalve.local/tags/pipe-strainers.html</link>
      <guid>http://bofavalve.local/tags/pipe-strainers.html</guid>
      <slash:comments>0</slash:comments>
    </item>
    <item>
      <title>Socket-welded Forged Steel Gate Valves12244</title>
      <description><![CDATA[11444]]></description>
      <pubDate>Fri, 13 Oct 2023 06:49:05 +0000</pubDate>
      <link>http://bofavalve.local/news/socket-welded-forged-steel-gate-valves12244.html</link>
      <guid>http://bofavalve.local/news/socket-welded-forged-steel-gate-valves12244.html</guid>
      <content:encoded><![CDATA[11444<img alt="" src="http://admin.jeawin.local/resource/upfiles/95/images/caeec63c38be0f9909a98191fee002f4_B36vWN.jpg" style="width: 720px; height: 1600px;" />]]></content:encoded>
      <slash:comments>0</slash:comments>
    </item>
    <item>
      <title>Socket-welded Forged Steel Gate Valves122441</title>
      <description><![CDATA[11444]]></description>
      <pubDate>Fri, 13 Oct 2023 07:38:46 +0000</pubDate>
      <link>http://bofavalve.local/news/socket-welded-forged-steel-gate-valves122441.html</link>
      <guid>http://bofavalve.local/news/socket-welded-forged-steel-gate-valves122441.html</guid>
      <content:encoded><![CDATA[11444<img alt="" src="http://admin.jeawin.local/resource/upfiles/95/images/2023/1013/96e4ae565cda94af3a967e13930918c6.png" style="width: 900px; height: 2000px;" />]]></content:encoded>
      <slash:comments>0</slash:comments>
    </item>
    <item>
      <title>King Protea Artificial Flowers for Stunning Event Designs</title>
      <description><![CDATA[Are you looking to add a touch of elegance and natural beauty to your upcoming event? Look no further...]]></description>
      <pubDate>Mon, 10 Jul 2023 08:22:15 +0000</pubDate>
      <link>http://bofavalve.local/news/king-protea-artificial-flowers-for-stunning-event-designs.html</link>
      <guid>http://bofavalve.local/news/king-protea-artificial-flowers-for-stunning-event-designs.html</guid>
      <content:encoded><![CDATA[Are you looking to add a touch of elegance and natural beauty to your upcoming event? Look no further than&nbsp;<a href="https://www.startificialplant.com/artificial-flower-stems/artificial-flowers.html">King Protea artificial flowers</a>. These stunning blooms are designed to captivate and inspire, bringing the beauty of nature indoors with a lifelike and long-lasting alternative to fresh flowers. With their large, vibrant petals and distinct shape, King Protea flowers are a favorite choice among event planners and designers for creating breathtaking arrangements that leave a lasting impression. Whether you&#39;re planning a wedding, corporate event, or any special occasion, these artificial flowers offer endless possibilities to unleash your creativity and make a statement. Say goodbye to wilted flowers and hello to a hassle-free and visually stunning solution that will wow your guests. Discover the power of nature&#39;s beauty with Artificial&nbsp;King&nbsp;Protea&nbsp;Flowers and turn your event into an unforgettable experience.<br />
<br />
<strong>The beauty and significance of King Protea flowers</strong><br />
<br />
King Protea flowers, also known as Protea cynaroides, are native to South Africa and are one of the most visually striking flowers in the world. Named after the Greek god Proteus, who could change his form at will, these flowers are known for their ability to transform any space with their majestic presence.<br />
<br />
The Artificial&nbsp;King&nbsp;Protea is characterized by its large size and unique shape. Its petals resemble a crown, with a central cone-shaped structure covered in tiny florets. The vibrant colors of the petals range from shades of pink, white, and red to deeper hues of purple and burgundy. Each petal is velvety to the touch, adding a luxurious texture to any arrangement.<br />
<br />
In addition to their visual appeal, King Protea holds great significance in different cultures. In South Africa, they are considered the national flower and symbolize change, transformation, and courage. These flowers have been used in traditional ceremonies and celebrations for centuries, embodying the spirit of resilience and beauty.<br />
<br />
Product Description: This Artificial&nbsp;King&nbsp;Protea is a must-have for any floral arrangement. With its stunningly realistic design, it will add a touch of elegance and beauty to any space. Whether you&#39;re creating a wedding bouquet, wreath, or potted arrangement, this flower will never wilt or wither, ensuring that your creation stays fresh and vibrant for years to come. Its versatility allows you to use it alone or combine it with other types of stems to create a truly breathtaking arrangement. Bring the beauty of nature into your home or event with this exquisite artificial flower.<br />
&nbsp;
<table cellpadding="1" cellspacing="1" width="100%">
	<tbody>
		<tr>
			<td><img alt="nature king protea bouquet" data-sizes="auto" loading="lazy" sizes="421px" src="http://admin.jeawin.local/resource/upfiles/95/images/2023/0710/unleash-the-power-of-nature-king-protea-artificial-flowers-for-stunning-event-designs-bouquet_CkwWFN.jpg" /></td>
			<td><img alt="single flower" data-sizes="auto" loading="lazy" sizes="421px" src="http://admin.jeawin.local/resource/upfiles/95/images/2023/0710/unleash-the-power-of-nature-king-protea-artificial-flowers-for-stunning-event-designs-single_yqPQYA.jpg" /></td>
		</tr>
		<tr>
			<td><img alt="single flower detail" data-sizes="auto" loading="lazy" sizes="421px" src="http://admin.jeawin.local/resource/upfiles/95/images/2023/0710/unleash-the-power-of-nature-king-protea-artificial-flowers-for-stunning-event-designs-detail_1ZnXVG.jpg" /></td>
			<td><img alt="nature king protea detail" data-sizes="auto" loading="lazy" sizes="421px" src="http://admin.jeawin.local/resource/upfiles/95/images/2023/0710/unleash-the-power-of-nature-king-protea-artificial-flowers-for-stunning-event-designs-bouquet-detail_NyU23z.jpg" /></td>
		</tr>
	</tbody>
</table>
<br />
&nbsp;]]></content:encoded>
      <slash:comments>0</slash:comments>
    </item>
    <item>
      <title>thermo fisher112</title>
      <pubDate>Sat, 23 Sep 2023 03:25:53 +0000</pubDate>
      <link>http://bofavalve.local/links/thermo-fisher11.html</link>
      <guid>http://bofavalve.local/links/thermo-fisher11.html</guid>
      <slash:comments>0</slash:comments>
    </item>
    <item>
      <title>Test list field type12333</title>
      <description><![CDATA[3sdfsdf]]></description>
      <pubDate>Mon, 15 May 2023 02:21:49 +0000</pubDate>
      <link>http://bofavalve.local/test-list-field-type12333.html</link>
      <guid>http://bofavalve.local/test-list-field-type12333.html</guid>
      <content:encoded><![CDATA[3sdfsdf]]></content:encoded>
      <slash:comments>0</slash:comments>
    </item>
    <item>
      <title>butterfly valve</title>
      <pubDate>Mon, 13 Mar 2023 06:31:40 +0000</pubDate>
      <link>http://bofavalve.local/tags/butterfly-valve.html</link>
      <guid>http://bofavalve.local/tags/butterfly-valve.html</guid>
      <slash:comments>0</slash:comments>
    </item>
    <item>
      <title>hydropower</title>
      <pubDate>Mon, 13 Mar 2023 06:26:38 +0000</pubDate>
      <link>http://bofavalve.local/tags/ydropower.html</link>
      <guid>http://bofavalve.local/tags/ydropower.html</guid>
      <slash:comments>0</slash:comments>
    </item>
  </channel>
</rss>
